state,cluster,TDS_log10,well_depth_ft,total_ion_molL,samp_id,Alk_mgL,state_alpha,Cluster,ph,Ca_mgL,Mg_mgL,SO4_mgL,Na_mgL,Cl_mgL,K_mgL,Si_mgL,model_TDS_mgL,model_Ba_molL,model_Ca_molL,model_Fe_molL,model_K_molL,model_Li_molL,model_Mg_molL,model_Mn_molL,model_Na_molL,model_Sr_molL,model_Br_molL,model_Cl_molL,model_C_molL,model_SO4_molL,model_B_molL,model_Si_molL
NM,0,3.626615323222991,350.0,0.1347,Proprietary,436.0,NM,0,8.4,8.6,4.1,65.0,1500.0,2100.0,9.4,8.6,4232.678900000005,0.0,0.0001999999999999977,0.0,0.0001999999999999944,0.0,0.0001999999999999977,0.0,0.0654,0.0,0.0,0.0593,0.0086,0.0007,0.0,9.999999999999552e-05
NM,1,3.192615618885356,93.0,0.0278999999999999,Proprietary,300.0,NM,1,7.2,250.0,42.0,630.0,91.0,53.0,11.0,51.0,1558.1727999999996,0.0,0.0062,0.0,0.00029999999999999884,0.0,0.001699999999999999,0.0,0.003999999999999999,0.0,0.0,0.0014999999999999996,0.006799999999999998,0.0066,0.0,0.0007999999999999964
TX,0,3.119890201993885,600.0,0.0315,19840710-1,381.0,TX,0,8.4,6.81,2.92,307.0,378.0,127.0,3.0,24.0,1317.9234999999983,0.0,0.00019999999999999933,0.0,9.999999999999883e-05,0.0,9.999999999999967e-05,0.0,0.0164,0.0,0.0,0.0035999999999999795,0.007499999999999958,0.003199999999999982,0.0,0.0003999999999999969
TX,1,3.119569220672864,208.0,0.0277,nwistx.01.00104570,241.0,TX,1,7.1,116.0,93.3,370.0,103.0,209.0,17.6,49.4,1316.949799999998,0.0,0.0029,0.0,0.00039999999999999893,0.0,0.0037999999999999996,0.0,0.004499999999999999,0.0,0.0,0.0059,0.005599999999999999,0.0038,0.0,0.0007999999999999978
TX,2,3.8748262001493647,544.0,0.249,19840925-1,276.0,TX,2,7.9,33.64,6.56,57.0,2800.0,4225.0,1.0,11.0,7495.941699999998,0.0,0.0007999999999999971,0.0,0.0,0.0,0.00029999999999999737,0.0,0.12210000000000001,0.0,0.0,0.11939999999999999,0.005599999999999997,0.0005999999999999966,0.0,0.0001999999999999944
TX,3,3.1355551908709223,186.0,0.0291999999999999,20080529-1,234.0,TX,3,7.56,20.7,21.99,345.0,137.0,191.0,283.0,41.0,1366.3287,0.0,0.0005,0.0,0.007199999999999999,0.0,0.0008999999999999992,0.0,0.006,0.0,0.0,0.005399999999999999,0.004899999999999999,0.0035999999999999995,0.0,0.0006999999999999967
