state,cluster,TDS_log10,well_depth_ft,total_ion_molL,samp_id,Alk_mgL,state_alpha,Cluster,ph,Ca_mgL,Mg_mgL,SO4_mgL,Na_mgL,Cl_mgL,K_mgL,Si_mgL,model_TDS_mgL,model_Ba_molL,model_Ca_molL,model_Fe_molL,model_K_molL,model_Li_molL,model_Mg_molL,model_Mn_molL,model_Na_molL,model_Sr_molL,model_Br_molL,model_Cl_molL,model_C_molL,model_SO4_molL,model_B_molL,model_Si_molL
NM,0,3.626615323222991,350.0,0.1347,Proprietary,436.0,NM,0,8.4,8.6,4.1,65.0,1500.0,2100.0,9.4,8.6,4232.678900000005,0.0,0.0001999999999999977,0.0,0.0001999999999999944,0.0,0.0001999999999999977,0.0,0.0654,0.0,0.0,0.0593,0.0086,0.0007,0.0,9.999999999999552e-05
NM,1,3.192615618885356,93.0,0.0278999999999999,Proprietary,300.0,NM,1,7.2,250.0,42.0,630.0,91.0,53.0,11.0,51.0,1558.1727999999996,0.0,0.0062,0.0,0.00029999999999999884,0.0,0.001699999999999999,0.0,0.003999999999999999,0.0,0.0,0.0014999999999999996,0.006799999999999998,0.0066,0.0,0.0007999999999999964
