state,cluster,TDS_log10,well_depth_ft,total_ion_molL,Cluster,ph,Ca_mgL,Mg_mgL,SO4_mgL,Na_mgL,Cl_mgL,K_mgL,Si_mgL,model_TDS_mgL,model_Ba_molL,model_Ca_molL,model_Fe_molL,model_K_molL,model_Li_molL,model_Mg_molL,model_Mn_molL,model_Na_molL,model_Sr_molL,model_Br_molL,model_Cl_molL,model_C_molL,model_SO4_molL,model_B_molL,model_Si_molL
NM,0,3.089461657582232,40.0,0.0253,0.0,7.9,150.0,25.0,460.0,170.0,150.0,9.3,32.0,1228.744699999999,0.0,0.0037,0.00019999999999999966,0.00019999999999999966,0.0,0.001,0.0,0.0074,0.0,0.0,0.0041999999999999755,0.003299999999999981,0.004799999999999973,0.0,0.0004999999999999982
NM,1,3.884105613244452,245.0,0.2237,1.0,7.6,190.0,120.0,1500.0,2300.0,3400.0,9.8,8.5,7657.828100000006,0.0,0.004699999999999998,0.0,0.0003,9.9999999999996e-05,0.0048999999999999955,0.0,0.1002,9.9999999999996e-05,9.999999999999351e-05,0.0961,0.0013999999999999996,0.015599999999999994,9.999999999998022e-05,9.999999999998022e-05
