Ca_mgL_frac,Mg_mgL_frac,Na_mgL_frac,K_mgL_frac,Cl_mgL_frac,SO4_mgL_frac,Si_molL_frac,TDS_log10,model_C_log10,ph,Temp_C
0.27583917682362447,0.33153143988668426,-0.34372810648433655,0.233842077428806,0.5653637800066874,-0.5653637800066875,0.14094509981942177,-0.23140055563389042,0.10171370223996123,-0.49198801839706285,-0.12454296921160594
1.0459947895988693,0.9152296706107054,-1.110079753082362,-0.2122028451462063,-1.2289557005982665,1.2289557005982665,0.17725516662339114,-0.1329770543787208,-0.15826429481919177,-0.36375463569599825,-0.5719949255628982
-0.6849305502066497,-0.28695738169051677,0.606912151857238,-0.0844471947161562,0.6008108553447292,-0.6008108553447293,-0.7200226178879909,2.364892984037158,-0.290572570431913,-0.25645422706424553,0.1217424964046862
-0.9398999715216467,-0.9958756298089827,1.0805562185066013,-0.041359062132663854,0.2643771414545844,-0.2643771414545843,-0.09378283648719894,-0.2872819571330071,0.10257607739685559,0.8561384316761985,0.5545932936519666
